{
  "Component-preload.js": 1742225377690,
  "test/testsuite.qunit.js": 1741956873162,
  "test/integration/pages/RiskList.js": 1741956873194,
  "test/integration/opaTests.qunit.js": 1741956873166,
  "test/integration/FirstJourney.js": 1741956873202,
  "test/integration/pages/RiskObjectPage.js": 1741956873198,
  "xs-app.json": 1742225371954,
  "manifest.json": 1742199966260,
  "Component.js": 1741956873114,
  "test/integration/opaTests.qunit-dbg.js": 1741956873166,
  "test/integration/opaTests.qunit.js.map": 1742225377630,
  "test/integration/pages/RiskList-dbg.js": 1741956873194,
  "test/integration/pages/RiskList.js.map": 1742225377621,
  "test/testsuite.qunit-dbg.js": 1741956873162,
  "test/testsuite.qunit.js.map": 1742225377629,
  "test/integration/FirstJourney-dbg.js": 1741956873202,
  "test/integration/FirstJourney.js.map": 1742225377624,
  "test/integration/pages/RiskObjectPage-dbg.js": 1741956873198,
  "test/integration/pages/RiskObjectPage.js.map": 1742225377623,
  "Component-dbg.js": 1741956873114,
  "Component.js.map": 1742225377624,
  "i18n/i18n.properties": 1741956879439,
  "Component-preload.js.map": 1742225377690,
  "test/integration/opaTests.qunit.html": 1741956873166,
  "test/testsuite.qunit.html": 1741956873162,
  "test/flpSandbox.html": 1741956873162,
  "index.html": 1741956873114
}